,Model Type,Train Accuracy,Test Accuracy,Train Accuracy with Trend Data,Test Accuracy with Trend Data,Time to Run
0,Logistic Regression,0.532968587869069,0.5279456193353474,0.524101499858504,0.49697885196374625,00:16
1,Random Forest,0.9678332232808226,0.5151057401812689,0.9864163758136025,0.506797583081571,09:31
2,AdaBoost,0.5403263843033677,0.5181268882175226,0.5439109517970003,0.5188821752265861,08:31
3,Support Vector Machine,0.5223092161116876,0.49924471299093653,0.5223092161116876,0.49924471299093653,02:51
4,XGBoost,0.5401377228563343,0.5181268882175226,0.5405150457504009,0.5181268882175226,38:01
